{
  "classifier": {
    "scaler_mean": [
      0.04431746917452951, -0.015393047685084952, 0.036772696857511784,
      -0.025588883000453075, -0.05518336541285338, 0.055114265803557945,
      -0.048090219061252035, -0.09955313207549446, -0.056798500452046596,
      0.009593284654436122
    ],
    "scaler_scale": [
      0.8632373276101254, 1.0020184542974582, 0.8226110124127044,
      1.0092362694032975, 1.0473148111448083, 0.9938629180317587,
      1.4088951228858126, 1.0434992017214306, 1.3176651002602056,
      0.9751584997737897
    ],
    "input_features": 10,
    "output_classes": 2,
    "model_type": "RandomForestClassifier"
  },
  "framework": "scikit-learn"
}
